,Name,Author,Rating,Enrollment,Difficulty,URL
0,Machine Learning,Stanford University,4.9,3.6m,Mixed,"https://www.coursera.org/learn/machine-learning, /learn/machine-learning"
1,Indigenous Canada,University of Alberta,4.8,170k,Mixed,"https://www.coursera.org/learn/indigenous-canada, /learn/indigenous-canada"
2,The Science of Well-Being,Yale University,4.9,3m,Mixed,"https://www.coursera.org/learn/the-science-of-well-being, /learn/the-science-of-well-being"
3,Financial Markets,Yale University,4.8,700k,Beginner,"https://www.coursera.org/learn/financial-markets-global, /learn/financial-markets-global"
4,Introduction to Psychology,Yale University,4.8,440k,Beginner,"https://www.coursera.org/learn/introduction-psychology, /learn/introduction-psychology"
5,Psychological First Aid,Johns Hopkins University,4.8,280k,Mixed,"https://www.coursera.org/learn/psychological-first-aid, /learn/psychological-first-aid"
6,Successful Negotiation: Essential Strategies and Skills,University of Michigan,4.8,890k,Mixed,"https://www.coursera.org/learn/negotiation-skills, /learn/negotiation-skills"
7,"Brand Management: Aligning Business, Brand and Behaviour",London Business School,4.9,110k,Beginner,"https://www.coursera.org/learn/brand, /learn/brand"
8,Writing in the Sciences,Stanford University,4.9,180k,Beginner,"https://www.coursera.org/learn/sciwrite, /learn/sciwrite"
9,Stanford Introduction to Food and Health,Stanford University,4.7,450k,Beginner,"https://www.coursera.org/learn/food-and-health, /learn/food-and-health"
10,Introduction to Negotiation: A Strategic Playbook for Becoming a Principled and Persuasive Negotiator,Yale University,4.9,300k,Mixed,"https://www.coursera.org/learn/negotiation, /learn/negotiation"
11,Learning How to Learn: Powerful mental tools to help you master tough subjects,University of California San Diego,4.8,2.5m,Mixed,"https://www.coursera.org/learn/learning-how-to-learn, /learn/learning-how-to-learn"
12,Private Equity and Venture Capital,Università Bocconi,4.8,97k,Mixed,"https://www.coursera.org/learn/private-equity, /learn/private-equity"
13,First Step Korean,Yonsei University,4.9,600k,Beginner,"https://www.coursera.org/learn/learn-korean, /learn/learn-korean"
14,Primeros Auxilios Psicológicos (PAP),Universitat Autònoma de Barcelona,4.8,330k,Mixed,"https://www.coursera.org/learn/pap, /learn/pap"
15,Management of Fashion and Luxury Companies,Università Bocconi,4.7,140k,Mixed,"https://www.coursera.org/learn/mafash, /learn/mafash"
16,Design and Interpretation of Clinical Trials,Johns Hopkins University,4.7,81k,Mixed,"https://www.coursera.org/learn/clinical-trials, /learn/clinical-trials"
17,Contabilidad para no contadores,Universidad Nacional Autónoma de México,4.7,290k,Beginner,"https://www.coursera.org/learn/contabilidad, /learn/contabilidad"
18,Social Psychology,Wesleyan University,4.7,330k,Beginner,"https://www.coursera.org/learn/social-psychology, /learn/social-psychology"
19,Introduction to User Experience Design,Georgia Institute of Technology,4.5,120k,Beginner,"https://www.coursera.org/learn/user-experience-design, /learn/user-experience-design"
20,Introduction to Negotiation: A Strategic Playbook for Becoming a Principled and Persuasive Negotiator,Yale University,4.9,300k,Mixed,https://www.coursera.org/learn/negotiation
21,Learning How to Learn: Powerful mental tools to help you master tough subjects,University of California San Diego,4.8,2.5m,Mixed,https://www.coursera.org/learn/learning-how-to-learn
22,Private Equity and Venture Capital,Università Bocconi,4.8,97k,Mixed,https://www.coursera.org/learn/private-equity
23,First Step Korean,Yonsei University,4.9,600k,Beginner,https://www.coursera.org/learn/learn-korean
24,Primeros Auxilios Psicológicos (PAP),Universitat Autònoma de Barcelona,4.8,330k,Mixed,https://www.coursera.org/learn/pap
25,Management of Fashion and Luxury Companies,Università Bocconi,4.7,140k,Mixed,https://www.coursera.org/learn/mafash
26,Design and Interpretation of Clinical Trials,Johns Hopkins University,4.7,81k,Mixed,https://www.coursera.org/learn/clinical-trials
27,Contabilidad para no contadores,Universidad Nacional Autónoma de México,4.7,290k,Beginner,https://www.coursera.org/learn/contabilidad
28,Social Psychology,Wesleyan University,4.7,330k,Beginner,https://www.coursera.org/learn/social-psychology
29,Introduction to User Experience Design,Georgia Institute of Technology,4.5,120k,Beginner,https://www.coursera.org/learn/user-experience-design
30,Agile with Atlassian Jira,Atlassian,4.7,58k,Beginner,https://www.coursera.org/learn/agile-atlassian-jira
31,English for Career Development,University of Pennsylvania,4.8,1m,Mixed,https://www.coursera.org/learn/careerdevelopment
32,Game Theory,The University of British Columbia,4.6,290k,Beginner,https://www.coursera.org/learn/game-theory-1
33,Medical Neuroscience,Duke University,4.9,200k,Advanced,https://www.coursera.org/learn/medical-neuroscience
34,Clinical Terminology for International and U.S. Students,University of Pittsburgh,4.8,48k,Beginner,https://www.coursera.org/learn/clinical-terminology
35,Understanding the Brain: The Neurobiology of Everyday Life,The University of Chicago,4.9,160k,Beginner,https://www.coursera.org/learn/neurobiology
36,Organizational Analysis,Stanford University,4.6,72k,Beginner,https://www.coursera.org/learn/organizational-analysis
37,Child Nutrition and Cooking,Stanford University,4.8,390k,Beginner,https://www.coursera.org/learn/childnutrition
38,Introduction to Psychology,University of Toronto,4.9,300k,Mixed,https://www.coursera.org/learn/introduction-psych
39,International Women's Health and Human Rights,Stanford University,4.9,47k,Beginner,https://www.coursera.org/learn/womens-health-human-rights
40,Global Diplomacy – Diplomacy in the Modern World,University of London,4.7,99k,Mixed,https://www.coursera.org/learn/global-diplomacy
41,Forensic Accounting and Fraud Examination,West Virginia University,4.7,55k,Mixed,https://www.coursera.org/learn/forensic-accounting
42,Managing the Company of the Future,London Business School,4.8,71k,Mixed,https://www.coursera.org/learn/company-future-management
43,Introductory Human Physiology,Duke University,4.7,310k,Mixed,https://www.coursera.org/learn/physiology
44,Moral Foundations of Politics,Yale University,4.9,130k,Mixed,https://www.coursera.org/learn/moral-politics
45,The Strategy of Content Marketing,"University of California, Davis",4.5,160k,Intermediate,https://www.coursera.org/learn/content-marketing
46,Positive Psychiatry and Mental Health,The University of Sydney,4.8,120k,Mixed,https://www.coursera.org/learn/positive-psychiatry
47,Data Science Math Skills,Duke University,4.5,200k,Beginner,https://www.coursera.org/learn/datasciencemathskills
48,Cursos en línea: modelo para armar,Universidad Nacional Autónoma de México,4.8,4.8k,Beginner,https://www.coursera.org/learn/enlinea
49,An Introduction to American Law,University of Pennsylvania,4.8,120k,Beginner,https://www.coursera.org/learn/american-law
50,Animal Behaviour and Welfare,The University of Edinburgh,4.8,88k,Mixed,https://www.coursera.org/learn/animal-welfare
51,Financial Engineering and Risk Management Part I,Columbia University,4.6,350k,Mixed,https://www.coursera.org/learn/financial-engineering-1
52,Learning to Teach Online,UNSW Sydney (The University of New South Wales),4.7,110k,Beginner,https://www.coursera.org/learn/teach-online
53,Étudier en France: French Intermediate course B1-B2,École Polytechnique,4.8,250k,Intermediate,https://www.coursera.org/learn/etudier-en-france
54,Wind Energy,Technical University of Denmark (DTU),4.7,96k,Mixed,https://www.coursera.org/learn/wind-energy
55,Introduction to Systematic Review and Meta-Analysis,Johns Hopkins University,4.8,81k,Mixed,https://www.coursera.org/learn/systematic-review
56,Vital Signs: Understanding What the Body Is Telling Us,University of Pennsylvania,4.8,220k,Mixed,https://www.coursera.org/learn/vital-signs
57,Introduction to Calculus,The University of Sydney,4.8,85k,Intermediate,https://www.coursera.org/learn/introduction-to-calculus
58,An Introduction to Consumer Neuroscience & Neuromarketing,Copenhagen Business School,4.7,85k,Beginner,https://www.coursera.org/learn/neuromarketing
59,Introduction to Philosophy,The University of Edinburgh,4.7,440k,Mixed,https://www.coursera.org/learn/philosophy
60,Camino a la Excelencia en Gestión de Proyectos,Pontificia Universidad Católica de Chile,4.7,230k,Beginner,https://www.coursera.org/learn/camino-excelencia-gestion-proyectos
61,Principles of Sustainable Finance,Erasmus University Rotterdam,4.7,5.1k,Intermediate,https://www.coursera.org/learn/sustainable-finance
62,Cryptography I,Stanford University,4.8,280k,Mixed,https://www.coursera.org/learn/crypto
63,Introduction to Dental Medicine,University of Pennsylvania,4.8,32k,Beginner,https://www.coursera.org/learn/dental-medicine-penn
64,Understanding Research Methods,University of London,4.6,160k,Mixed,https://www.coursera.org/learn/research-methods
65,Food & Beverage Management,Università Bocconi,4.8,71k,Mixed,https://www.coursera.org/learn/food-beverage-management
66,Introduction to Mathematical Thinking,Stanford University,4.8,300k,Intermediate,https://www.coursera.org/learn/mathematical-thinking
67,Data Management for Clinical Research,Vanderbilt University,4.7,52k,Beginner,https://www.coursera.org/learn/clinical-data-management
68,Introduction to English Common Law,University of London,4.8,35k,Beginner,https://www.coursera.org/learn/intro-common-law
69,"Advanced Valuation and Strategy - M&A, Private Equity, and Venture Capital",Erasmus University Rotterdam,4.7,41k,Advanced,https://www.coursera.org/learn/advanced-valuation-and-strategy
70,Everyday Parenting: The ABCs of Child Rearing,Yale University,4.9,110k,Beginner,https://www.coursera.org/learn/everyday-parenting
71,Circular Economy - Sustainable Materials Management,Ghent University,4.8,18k,Beginner,https://www.coursera.org/learn/circular-economy
72,Chinese for Beginners,Peking University,4.8,840k,Mixed,https://www.coursera.org/learn/learn-chinese
73,Devenir entrepreneur du changement,Ticket for Change,4.7,57k,Mixed,https://www.coursera.org/learn/entrepreneur-changement
74,Corporate Sustainability. Understanding and Seizing the Strategic Opportunity,Università Bocconi,4.6,14k,Mixed,https://www.coursera.org/learn/corp-sustainability
75,Race and Cultural Diversity in American Life and History,University of Illinois at Urbana-Champaign,4.6,32k,Beginner,https://www.coursera.org/learn/race-cultural-diversity-american-life
76,Terrorism and Counterterrorism: Comparing Theory and Practice,Universiteit Leiden,4.8,96k,Beginner,https://www.coursera.org/learn/terrorism
77,"The Sustainable Development Goals – A global, transdisciplinary vision for the future",University of Copenhagen,4.8,43k,Beginner,https://www.coursera.org/learn/global-sustainable-development
78,Behavioral Finance,Duke University,4.4,68k,Mixed,https://www.coursera.org/learn/duke-behavioral-finance
79,Understanding Clinical Research: Behind the Statistics,University of Cape Town,4.8,91k,Mixed,https://www.coursera.org/learn/clinical-research
80,Foundations of Data Science: K-Means Clustering in Python,"Goldsmiths, University of London",4.7,11k,Beginner,https://www.coursera.org/learn/data-science-k-means-clustering-python
81,Supporting children with difficulties in reading and writing,University of London,4.8,60k,Mixed,https://www.coursera.org/learn/dyslexia-difficulties
82,Learn to Speak Korean 1,Yonsei University,4.9,180k,Beginner,https://www.coursera.org/learn/learn-speak-korean1
83,Microeconomics Principles,University of Illinois at Urbana-Champaign,4.8,94k,Beginner,https://www.coursera.org/learn/microeconomics
84,International Organizations Management,University of Geneva,4.8,27k,Beginner,https://www.coursera.org/learn/international-organizations-management
85,Oil & Gas Industry Operations and Markets,Duke University,4.8,75k,Mixed,https://www.coursera.org/learn/oilandgas
86,Learn to Program: The Fundamentals,University of Toronto,4.7,210k,Beginner,https://www.coursera.org/learn/learn-to-program
87,Nutrición y obesidad: control de sobrepeso,Universidad Nacional Autónoma de México,4.8,140k,Beginner,https://www.coursera.org/learn/nutricion-obesidad-sobrepeso
88,International Leadership and Organizational Behavior,Università Bocconi,4.8,56k,Mixed,https://www.coursera.org/learn/organizational-behavior
89,Introduction to Classical Music,Yale University,4.9,170k,Mixed,https://www.coursera.org/learn/introclassicalmusic
90,Miracles of Human Language: An Introduction to Linguistics,Meertens instituut (KNAW),4.7,130k,Beginner,https://www.coursera.org/learn/human-language
91,Dog Emotion and Cognition,Duke University,4.7,160k,Mixed,https://www.coursera.org/learn/dog-emotion-and-cognition
92,Innovation Management,Erasmus University Rotterdam,4.7,51k,Beginner,https://www.coursera.org/learn/innovation-management
93,Rethinking International Tax Law,Universiteit Leiden,4.8,40k,Mixed,https://www.coursera.org/learn/international-taxation
94,The Manager's Toolkit: A Practical Guide to Managing People at Work,University of London,4.6,58k,Mixed,https://www.coursera.org/learn/people-management
95,EDIVET: Do you have what it takes to be a veterinarian?,The University of Edinburgh,4.8,42k,Mixed,https://www.coursera.org/learn/becoming-a-veterinarian
96,Introduction to Forensic Science,"Nanyang Technological University, Singapore",4.9,69k,Mixed,https://www.coursera.org/learn/forensic-science
97,Feminism and Social Justice,"University of California, Santa Cruz",4.8,45k,Beginner,https://www.coursera.org/learn/feminism-social-justice
98,Driving business towards the Sustainable Development Goals,Erasmus University Rotterdam,4.8,9k,Beginner,https://www.coursera.org/learn/sdgbusiness
99,Astronomy: Exploring Time and Space,University of Arizona,4.8,140k,Beginner,https://www.coursera.org/learn/astro
100,Epidemiology: The Basic Science of Public Health,The University of North Carolina at Chapel Hill,4.6,150k,Mixed,https://www.coursera.org/learn/epidemiology
101,Introduction to International Criminal Law,Case Western Reserve University,4.8,110k,Mixed,https://www.coursera.org/learn/international-criminal-law
102,Sports Marketing,Northwestern University,4.7,16k,Intermediate,https://www.coursera.org/learn/sports-marketing
103,English for Business and Entrepreneurship,University of Pennsylvania,4.8,270k,Beginner,https://www.coursera.org/learn/business
104,Dino 101: Dinosaur Paleobiology,University of Alberta,4.9,45k,Beginner,https://www.coursera.org/learn/dino101
105,Troubles du spectre de l'autisme : diagnostic,University of Geneva,4.9,7.7k,Intermediate,https://www.coursera.org/learn/troubles-spectre-autisme-diagnostic
106,American Contract Law I,Yale University,4.9,25k,Beginner,https://www.coursera.org/learn/contracts-1
107,Addiction Treatment: Clinical Skills for Healthcare Providers,Yale University,4.9,16k,Beginner,https://www.coursera.org/learn/addiction-treatment
108,Negociación exitosa: Estrategias y habilidades esenciales (en español),University of Michigan,4.8,120k,Mixed,https://www.coursera.org/learn/negociacion
109,Greek and Roman Mythology,University of Pennsylvania,4.8,160k,Mixed,https://www.coursera.org/learn/mythology
110,Essentials of Global Health,Yale University,4.8,44k,Mixed,https://www.coursera.org/learn/essentials-global-health
111,Python and Statistics for Financial Analysis,The Hong Kong University of Science and Technology,4.4,65k,Intermediate,https://www.coursera.org/learn/python-statistics-financial-analysis
112,International Security Management,Erasmus University Rotterdam,4.7,6.3k,Beginner,https://www.coursera.org/learn/international-security-management
113,Essentials in Clinical Simulations Across the Health Professions,The George Washington University,4.8,6.7k,Intermediate,https://www.coursera.org/learn/clinicalsimulations
114,International Humanitarian Law in Theory and Practice,Kalshoven-Gieskes Forum,4.8,27k,Beginner,https://www.coursera.org/learn/international-humanitarian-law
115,Global Diplomacy: the United Nations in the World,University of London,4.7,38k,Beginner,https://www.coursera.org/learn/global-diplomacy-un
116,Financing and Investing in Infrastructure,Università Bocconi,4.8,28k,Mixed,https://www.coursera.org/learn/infrastructure-investing
117,"Leading for Equity, Diversity and Inclusion in Higher Education",University of Michigan,4.7,8.6k,Intermediate,https://www.coursera.org/learn/leading-for-equity-diversity-inclusion
118,Children's Human Rights - An Interdisciplinary Introduction,University of Geneva,4.7,46k,Beginner,https://www.coursera.org/learn/childrens-rights
119,Python Programming: A Concise Introduction,Wesleyan University,4.6,130k,Beginner,https://www.coursera.org/learn/python-programming-introduction
120,Industrial Biotechnology,University of Manchester   ,4.6,38k,Beginner,https://www.coursera.org/learn/industrial-biotech
121,Design-Led Strategy: Design thinking for business strategy and entrepreneurship,The University of Sydney,4.6,27k,Intermediate,https://www.coursera.org/learn/design-strategy
122,"Competencias digitales. Herramientas de ofimática (Microsoft Word, Excel, Power Point)",Universitat Autònoma de Barcelona,4.8,87k,Beginner,https://www.coursera.org/learn/competencias-digitales-ofimatica
123,Mind Control: Managing Your Mental Health During COVID-19,University of Toronto,4.8,110k,Beginner,https://www.coursera.org/learn/manage-health-covid-19
124,How to Manage a Remote Team,GitLab,0,,Intermediate,https://www.coursera.org/learn/remote-team-management
125,Process Mining: Data science in Action,Eindhoven University of Technology,4.8,44k,Intermediate,https://www.coursera.org/learn/process-mining
126,Réussir le Changement,ESSEC Business School,4.5,35k,Mixed,https://www.coursera.org/learn/reussir-le-changement
127,"Social Norms, Social Change I",Unicef,4.6,84k,Beginner,https://www.coursera.org/learn/norms
128,Aboriginal Worldviews and Education,University of Toronto,4.7,8.5k,Mixed,https://www.coursera.org/learn/aboriginal-education
129,Fundamentos de Finanzas Empresariales,Universidad de los Andes,4.9,130k,Beginner,https://www.coursera.org/learn/finanzas-empresariales
130,Fundamentals of Music Theory,The University of Edinburgh,4.6,210k,Beginner,https://www.coursera.org/learn/edinburgh-music-theory
131,Introduction to Ancient Egypt and Its Civilization,University of Pennsylvania,4.6,88k,Intermediate,https://www.coursera.org/learn/introancientegypt
132,Data Analytics for Lean Six Sigma,University of Amsterdam,4.8,33k,Beginner,https://www.coursera.org/learn/data-analytics-for-lean-six-sigma
133,Arts and Heritage Management,Università Bocconi,4.8,19k,Mixed,https://www.coursera.org/learn/arts-heritage
134,Creative Thinking: Techniques and Tools for Success,Imperial College London,4.7,110k,Beginner,https://www.coursera.org/learn/creative-thinking-techniques-and-tools-for-success
135,Introducción a la programación en Python I: Aprendiendo a programar con Python,Pontificia Universidad Católica de Chile,4.4,140k,Beginner,https://www.coursera.org/learn/aprendiendo-programar-python
136,Gestión Empresarial Exitosa para Pymes,Pontificia Universidad Católica de Chile,4.8,180k,Mixed,https://www.coursera.org/learn/gestionempresarialpyme
137,Gender and Sexuality: Diversity and Inclusion in the Workplace,University of Pittsburgh,4.7,20k,Beginner,https://www.coursera.org/learn/gender-sexuality
138,Moralities of Everyday Life,Yale University,4.8,92k,Mixed,https://www.coursera.org/learn/moralities
139,Claves para Gestionar Personas,IESE Business School,4.8,71k,Mixed,https://www.coursera.org/learn/gestionar-personas
140,Introduction to Engineering Mechanics,Georgia Institute of Technology,4.7,170k,Mixed,https://www.coursera.org/learn/engineering-mechanics-statics
141,In the Studio: Postwar Abstract Painting,The Museum of Modern Art,4.9,90k,Beginner,https://www.coursera.org/learn/painting
142,Understanding Einstein: The Special Theory of Relativity,Stanford University,4.9,100k,Beginner,https://www.coursera.org/learn/einstein-relativity
143,De-Mystifying Mindfulness,Universiteit Leiden,4.8,180k,Beginner,https://www.coursera.org/learn/mindfulness
144,Politics and Economics of International Energy,Sciences Po,4.7,39k,Beginner,https://www.coursera.org/learn/global-energy
145,Bayesian Statistics: From Concept to Data Analysis,"University of California, Santa Cruz",4.6,100k,Intermediate,https://www.coursera.org/learn/bayesian-statistics
146,Nutrition and Lifestyle in Pregnancy,Ludwig-Maximilians-Universität München (LMU),4.8,51k,Intermediate,https://www.coursera.org/learn/nutrition-pregnancy
147,Bugs 101: Insect-Human Interactions,University of Alberta,4.9,22k,Beginner,https://www.coursera.org/learn/bugs-101
148,Leading Healthcare Quality and Safety,The George Washington University,4.7,22k,Beginner,https://www.coursera.org/learn/quality-healthcare
149,Fundamentos de Excel para Negocios,Universidad Austral,4.8,200k,Beginner,https://www.coursera.org/learn/excel-para-negocios
150,Mindshift: Break Through Obstacles to Learning and Discover Your Hidden Potential,McMaster University,4.8,300k,Beginner,https://www.coursera.org/learn/mindshift
151,English for Journalism,University of Pennsylvania,4.8,150k,Mixed,https://www.coursera.org/learn/journalism
152,Econometrics: Methods and Applications,Erasmus University Rotterdam,4.6,130k,Mixed,https://www.coursera.org/learn/erasmus-econometrics
153,Chemicals and Health,Johns Hopkins University,4.7,37k,Beginner,https://www.coursera.org/learn/chemicals-health
154,Write A Feature Length Screenplay For Film Or Television,Michigan State University,4.7,20k,Beginner,https://www.coursera.org/learn/write-a-feature-length-screenplay-for-film-or-television
155,Model Thinking,University of Michigan,4.8,140k,Mixed,https://www.coursera.org/learn/model-thinking
156,Biology Meets Programming: Bioinformatics for Beginners,University of California San Diego,4.3,100k,Beginner,https://www.coursera.org/learn/bioinformatics
157,International Law in Action: the Arbitration of International Disputes,Universiteit Leiden,4.8,24k,Mixed,https://www.coursera.org/learn/arbitration-international-disputes
158,Finanzas personales,Universidad Nacional Autónoma de México,4.8,360k,Mixed,https://www.coursera.org/learn/finanzas-personales
159,Greening the Economy: Sustainable Cities,Lund University,4.6,69k,Beginner,https://www.coursera.org/learn/gte-sustainable-cities
160,The Arts and Science of Relationships: Understanding Human Needs,University of Toronto,4.5,110k,Beginner,https://www.coursera.org/learn/human-needs
161,Marketing Gerencial,Universidad de Chile,4.7,57k,Intermediate,https://www.coursera.org/learn/marketing-gerencial
162,Revisão Sistemática e Meta-análise,Universidade Estadual de Campinas,4.9,25k,Intermediate,https://www.coursera.org/learn/revisao-sistematica
163,Introducción a Data Science: Programación Estadística con R,Universidad Nacional Autónoma de México,4.7,160k,Beginner,https://www.coursera.org/learn/intro-data-science-programacion-estadistica-r
164,Cultural Competence - Aboriginal Sydney,The University of Sydney,4.7,7.5k,Beginner,https://www.coursera.org/learn/cultural-competence-aboriginal-sydney
165,Corporate Finance Essentials,IESE Business School,4.8,65k,Mixed,https://www.coursera.org/learn/corporate-finance-essentials
166,Global Energy and Climate Policy,University of London,4.6,13k,Beginner,https://www.coursera.org/learn/globalenergyandclimatepolicy
167,"Information Systems Auditing, Controls and Assurance",The Hong Kong University of Science and Technology,4.7,11k,Beginner,https://www.coursera.org/learn/information-systems-audit
168,Understanding Plants - Part I: What a Plant Knows,Tel Aviv University,4.8,60k,Beginner,https://www.coursera.org/learn/plantknows
169,Introdução à Ciência da Computação com Python Parte 1,Universidade de São Paulo,4.9,130k,Beginner,https://www.coursera.org/learn/ciencia-computacao-python-conceitos
170,Leadership in 21st Century Organizations,Copenhagen Business School,4.7,47k,Mixed,https://www.coursera.org/learn/leadership-21st-century
171,English Composition I,Duke University,4.6,250k,Beginner,https://www.coursera.org/learn/english-composition
172,Introduction to Environmental Law and Policy,The University of North Carolina at Chapel Hill,4.8,45k,Mixed,https://www.coursera.org/learn/environmental-law
173,Introduction to Systems Engineering,UNSW Sydney (The University of New South Wales),4.7,38k,Mixed,https://www.coursera.org/learn/systems-engineering
174,Understanding Medical Research: Your Facebook Friend is Wrong,Yale University,4.9,34k,Beginner,https://www.coursera.org/learn/medical-research
175,Spanish for Successful Communication in Healthcare Settings,Rice University,4.8,17k,Intermediate,https://www.coursera.org/learn/spanish-in-healthcare-settings
176,The Social Context of Mental Health and Illness,University of Toronto,4.6,23k,Mixed,https://www.coursera.org/learn/mental-health
177,Excel aplicado a los negocios (Nivel Avanzado),Universidad Austral,4.7,89k,Intermediate,https://www.coursera.org/learn/excel-aplicado-negocios-avanzado
178,Love as a Force for Social Justice,Stanford University,4.7,21k,Beginner,https://www.coursera.org/learn/love-social-justice
179,Introduction to Genetics and Evolution,Duke University,4.8,90k,Mixed,https://www.coursera.org/learn/genetics-evolution
180,Think Again I: How to Understand Arguments,Duke University,4.6,240k,Beginner,https://www.coursera.org/learn/understanding-arguments
181,Anticorrupción: Introducción a conceptos y perspectiva práctica,Universidad Nacional Autónoma de México,4.9,19k,Beginner,https://www.coursera.org/learn/anticorrupcion-introduccion
182,Основы программирования на Python,National Research University Higher School of Economics,4.5,100k,Beginner,https://www.coursera.org/learn/python-osnovy-programmirovaniya
183,L'excellence opérationnelle en pratique,ESSEC Business School,4.7,10k,Beginner,https://www.coursera.org/learn/excellence-operationnelle
184,Refugees in the 21st Century,University of London,4.8,5.3k,Beginner,https://www.coursera.org/learn/refugees-21st-century
185,Gut Check: Exploring Your Microbiome,University of Colorado Boulder,4.7,68k,Mixed,https://www.coursera.org/learn/microbiome
186,Introduction aux Droits de l’Homme,University of Geneva,4.8,50k,Mixed,https://www.coursera.org/learn/droits-de-lhomme
187,Osteoarchaeology: The Truth in Our Bones,Universiteit Leiden,4.7,25k,Beginner,https://www.coursera.org/learn/truthinourbones-osteoarchaeology-archaeology
188,El Abogado del Futuro: Legaltech y la Transformación Digital del Derecho,Universidad Austral,4.9,7.7k,Beginner,https://www.coursera.org/learn/legaltech
189,"Innovation Through Design: Think, Make, Break, Repeat",The University of Sydney,4.7,16k,Beginner,https://www.coursera.org/learn/innovation-through-design
190,Smart Cities – Management of Smart Urban Infrastructures,École Polytechnique Fédérale de Lausanne,4.6,27k,Beginner,https://www.coursera.org/learn/smart-cities
191,The Changing Global Order,Universiteit Leiden,4.7,26k,Intermediate,https://www.coursera.org/learn/changing-global-order
192,"Transmedia Storytelling: Narrative worlds, emerging technologies, and global audiences",UNSW Sydney (The University of New South Wales),4.7,57k,Mixed,https://www.coursera.org/learn/transmedia-storytelling
193,Développement psychologique de l'enfant,University of Geneva,4.9,11k,Beginner,https://www.coursera.org/learn/enfant-developpement
194,Human Rights for Open Societies,Utrecht University,4.7,29k,Beginner,https://www.coursera.org/learn/humanrights
195,International Law In Action: Investigating and Prosecuting International Crimes,Universiteit Leiden,4.8,25k,Mixed,https://www.coursera.org/learn/international-law-in-action-2
196,A Law Student's Toolkit,Yale University,4.7,110k,Mixed,https://www.coursera.org/learn/law-student
197,International Law in Action: A Guide to the International Courts and Tribunals in The Hague,Universiteit Leiden,4.8,40k,Mixed,https://www.coursera.org/learn/international-law-in-action
198,Aprendiendo a aprender: Poderosas herramientas mentales con las que podrás dominar temas difíciles (Learning How to Learn),McMaster University,4.9,230k,Beginner,https://www.coursera.org/learn/aprendiendo-a-aprender
199,Get Interactive: Practical Teaching with Technology,University of London,4.8,23k,Beginner,https://www.coursera.org/learn/getinmooc
200,Excel Fundamentals for Data Analysis,Macquarie University,4.7,16k,Intermediate,https://www.coursera.org/learn/excel-data-analysis-fundamentals
201,The Global Financial Crisis,Yale University,4.8,96k,Mixed,https://www.coursera.org/learn/global-financial-crisis
202,Corporate Strategy,University of London,4.8,12k,Beginner,https://www.coursera.org/learn/corporatestrategy
203,"Programming Languages, Part A",University of Washington,4.9,100k,Intermediate,https://www.coursera.org/learn/programming-languages
204,Democracia y decisiones públicas. Introducción al análisis de políticas públicas,Universitat Autònoma de Barcelona,4.8,51k,Beginner,https://www.coursera.org/learn/democracia
205,The Science of Success: What Researchers Know that You Should Know,University of Michigan,4.8,98k,Beginner,https://www.coursera.org/learn/success
206,Code Yourself! An Introduction to Programming,The University of Edinburgh,4.7,150k,Beginner,https://www.coursera.org/learn/intro-programming
207,Systems Thinking In Public Health,Johns Hopkins University,4.6,37k,Mixed,https://www.coursera.org/learn/systems-thinking
208,Social and Economic Networks:  Models and Analysis,Stanford University,4.8,46k,Advanced,https://www.coursera.org/learn/social-economic-networks
209,"Anatomy of the Chest, Abdomen, and Pelvis",Yale University,4.8,46k,Intermediate,https://www.coursera.org/learn/trunk-anatomy
210,Ancient Philosophy: Plato & His Predecessors,University of Pennsylvania,4.8,83k,Mixed,https://www.coursera.org/learn/plato
211,Dermatology: Trip to skin,Novosibirsk State University ,4.3,16k,Beginner,https://www.coursera.org/learn/dermatology
212,Global Environmental Management,Technical University of Denmark (DTU),4.7,30k,Intermediate,https://www.coursera.org/learn/global-environmental-management
213,Information Security: Context and Introduction,University of London,4.6,42k,Beginner,https://www.coursera.org/learn/information-security-data
214,Computational Neuroscience,University of Washington,4.6,76k,Beginner,https://www.coursera.org/learn/computational-neuroscience
215,Gestión de organizaciones efectivas,Pontificia Universidad Católica de Chile,4.7,52k,Mixed,https://www.coursera.org/learn/gestion-organizaciones-efectivas
216,The Oral Cavity: Portal to Health and Disease,University of Pennsylvania,4.9,12k,Intermediate,https://www.coursera.org/learn/oralcavity
217,Roman Architecture,Yale University,4.9,38k,Beginner,https://www.coursera.org/learn/roman-architecture
218,Schizophrenia,Wesleyan University,4.7,26k,Intermediate,https://www.coursera.org/learn/schizophrenia
219,Practical Time Series Analysis,The State University of New York,4.6,46k,Intermediate,https://www.coursera.org/learn/practical-time-series-analysis
220,Probability and Statistics: To p or not to p?,University of London,4.6,47k,Beginner,https://www.coursera.org/learn/probability-statistics
221,Career 911: Your Future Job in Medicine and Healthcare,Northwestern University,4.4,15k,Mixed,https://www.coursera.org/learn/healthcarejobs
222,Sustainable Tourism – promoting environmental public health,University of Copenhagen,4.6,15k,Beginner,https://www.coursera.org/learn/sustainable-tourism
223,"Epidemics, Pandemics and Outbreaks",University of Pittsburgh,4.7,33k,Mixed,https://www.coursera.org/learn/epidemic-pandemic-outbreak
224,"Sleep: Neurobiology, Medicine, and Society",University of Michigan,4.8,27k,Beginner,https://www.coursera.org/learn/sleep
225,Fundamentos de la escritura,Tecnológico de Monterrey,4.7,90k,Beginner,https://www.coursera.org/learn/escritura-esp
226,Epigenetic Control of Gene Expression,The University of Melbourne,4.8,38k,Mixed,https://www.coursera.org/learn/epigenetics
227,The Horse Course: Introduction to Basic Care and Management,University of Florida,4.9,32k,Mixed,https://www.coursera.org/learn/horse-care
228,Renewable Energy and Green Building Entrepreneurship,Duke University,4.7,37k,Beginner,https://www.coursera.org/learn/renewable-energy-entrepreneurship
229,Understanding child development: from synapse to society,Utrecht University,4.6,28k,Beginner,https://www.coursera.org/learn/child-development
230,Antibiotic Stewardship,Stanford University,4.5,16k,Advanced,https://www.coursera.org/learn/antibiotic-stewardship
231,Advertising and Society,Duke University,4.7,19k,Mixed,https://www.coursera.org/learn/role-of-advertising
232,Social Impact Strategy: Tools for Entrepreneurs and Innovators,University of Pennsylvania,4.8,26k,Beginner,https://www.coursera.org/learn/social-impact
233,Sexualidad...mucho más que sexo,Universidad de los Andes,4.8,130k,Beginner,https://www.coursera.org/learn/sexualidad
234,Paleontology: Theropod Dinosaurs and the Origin of Birds,University of Alberta,4.9,20k,Mixed,https://www.coursera.org/learn/theropods-birds
235,Research Data Management and Sharing,The University of Edinburgh,4.7,21k,Mixed,https://www.coursera.org/learn/data-management
236,The Truth About Cats and Dogs,The University of Edinburgh,4.8,43k,Mixed,https://www.coursera.org/learn/cats-and-dogs
237,Ecology: Ecosystem Dynamics and Conservation,Howard Hughes Medical Institute ,4.8,30k,Intermediate,https://www.coursera.org/learn/ecology-conservation
238,Transformation of the Global Food System,University of Copenhagen,4.8,5k,Beginner,https://www.coursera.org/learn/transformation-global-food-system
239,Atención Primaria en Salud: El desafío de las Enfermedades no Transmisibles,Pontificia Universidad Católica de Chile,4.8,41k,Intermediate,https://www.coursera.org/learn/enfermedades-no-transmisibles
240,Whole genome sequencing of bacterial genomes - tools and applications,Technical University of Denmark (DTU),4.6,23k,Beginner,https://www.coursera.org/learn/wgs-bacteria
241,Astrobiology and the Search for Extraterrestrial Life,The University of Edinburgh,4.8,72k,Mixed,https://www.coursera.org/learn/astrobiology
242,Actualización en el manejo del paciente con diabetes mellitus tipo 2,Universidad Nacional Autónoma de México,4.8,30k,Mixed,https://www.coursera.org/learn/actualizacion-manejo-diabetes-tipo-2
243,Classical Sociological Theory,University of Amsterdam,4.8,62k,Mixed,https://www.coursera.org/learn/classical-sociological-theory
244,Paleontology: Ancient Marine Reptiles,University of Alberta,4.9,20k,Mixed,https://www.coursera.org/learn/ancient-marine-reptiles
245,Les Fondamentaux de la Négociation,ESSEC Business School,4.8,12k,Beginner,https://www.coursera.org/learn/fondamentaux-negociation
246,"Corrección, estilo y  variaciones de la lengua española",Universitat Autònoma de Barcelona,4.6,84k,Beginner,https://www.coursera.org/learn/correccion-estilo-variaciones
247,Scaling Operations: Linking Strategy and Execution,Northwestern University,4.5,13k,Mixed,https://www.coursera.org/learn/operations-strategy
248,Magic in the Middle Ages,Universitat de Barcelona,4.6,90k,Beginner,https://www.coursera.org/learn/magic-middle-ages
249,Becoming a changemaker: Introduction to Social Innovation,University of Cape Town,4.8,80k,Beginner,https://www.coursera.org/learn/social-innovation
250,Exploring Renewable Energy Schemes,University of Pennsylvania,4.8,7.6k,Beginner,https://www.coursera.org/learn/exploring-renewable-energy
251,Improving your statistical inferences,Eindhoven University of Technology,4.9,45k,Intermediate,https://www.coursera.org/learn/statistical-inferences
252,COVID-19: What You Need to Know (CME Eligible),Osmosis,4.8,76k,Beginner,https://www.coursera.org/learn/covid-19-what-you-need-to-know
253,Introduction to Key Constitutional Concepts and Supreme Court Cases,University of Pennsylvania,4.8,24k,Beginner,https://www.coursera.org/learn/constitution
254,Introduction to Neuroeconomics: How the Brain Makes Decisions,National Research University Higher School of Economics,4.6,98k,Beginner,https://www.coursera.org/learn/neuroeconomics
255,Implant Dentistry,The University of Hong Kong,4.9,33k,Mixed,https://www.coursera.org/learn/implant-dentistry
256,Everyday Chinese Medicine,The Chinese University of Hong Kong,4.7,25k,Intermediate,https://www.coursera.org/learn/everyday-chinese-medicine
257,Electric Industry Operations and Markets,Duke University,4.8,17k,Beginner,https://www.coursera.org/learn/electricity
258,Geopolitics of Europe,Sciences Po,4.3,22k,Mixed,https://www.coursera.org/learn/geopolitics-europe
259,The Cycle: Management of Successful Arts and Cultural Organizations,"University of Maryland, College Park",4.8,13k,Beginner,https://www.coursera.org/learn/the-cycle
260,Big History: Connecting Knowledge,Macquarie University,4.8,74k,Mixed,https://www.coursera.org/learn/big-history
261,Géopolitique de l'Europe,Sciences Po,4.5,12k,Mixed,https://www.coursera.org/learn/geopolitique
262,The Science of Stem Cells,American Museum of Natural History,4.7,20k,Intermediate,https://www.coursera.org/learn/stem-cells
263,"Urban Nature: Connecting Cities, Nature and Innovation",Lund University,4.7,8.2k,Beginner,https://www.coursera.org/learn/urban-nature
264,Nanotechnology: A Maker’s Course,North Carolina State University,4.8,33k,Mixed,https://www.coursera.org/learn/nanotechnology
265,ADHD: Everyday Strategies for Elementary Students,The State University of New York,4.7,45k,Beginner,https://www.coursera.org/learn/adhd-treatment
266,Sharpened Visions: A Poetry Workshop,California Institute of the Arts,4.7,70k,Beginner,https://www.coursera.org/learn/poetry-workshop
267,Introduction to Personal Branding,University of Virginia,4.4,180k,Beginner,https://www.coursera.org/learn/personal-branding
268,Art & Activity: Interactive Strategies for Engaging with Art,The Museum of Modern Art,4.8,84k,Mixed,https://www.coursera.org/learn/art-activity
269,Write Your First Novel,Michigan State University,4.2,31k,Beginner,https://www.coursera.org/learn/write-your-first-novel
270,Competencias digitales. Conceptos y herramientas básicas,Universitat Autònoma de Barcelona,4.7,6.5k,Beginner,https://www.coursera.org/learn/competencias-digitales-herramientas-basicas
271,From the Big Bang to Dark Energy,The University of Tokyo,4.8,64k,Beginner,https://www.coursera.org/learn/big-bang
272,International Cyber Conflicts,The State University of New York,4.5,30k,Mixed,https://www.coursera.org/learn/cyber-conflicts
273,Sports and Society,Duke University,4.8,20k,Mixed,https://www.coursera.org/learn/sports-society
274,Introduction to Chemistry:  Reactions and Ratios,Duke University,4.7,61k,Beginner,https://www.coursera.org/learn/intro-chemistry
275,Hacia una práctica constructivista en el aula,Pontificia Universidad Católica de Chile,4.9,71k,Mixed,https://www.coursera.org/learn/aulaconstructivista
276,Introduction to Logic,Stanford University,4.5,160k,Intermediate,https://www.coursera.org/learn/logic-introduction
277,Financial Engineering and Risk Management Part II,Columbia University,4.7,70k,Mixed,https://www.coursera.org/learn/financial-engineering-2
278,Stories of Infection,Stanford University,4.9,32k,Intermediate,https://www.coursera.org/learn/stories-of-infection
279,Introduction to Thermodynamics: Transferring Energy from Here to There,University of Michigan,4.8,80k,Beginner,https://www.coursera.org/learn/thermodynamics-intro
280,Clinical Epidemiology,Utrecht University,4.8,24k,Intermediate,https://www.coursera.org/learn/clinical-epidemiology
281,Ecosystem Services: a Method for Sustainable Development,University of Geneva,4.7,21k,Intermediate,https://www.coursera.org/learn/ecosystem-services
282,Municipal Solid Waste Management in Developing Countries,École Polytechnique Fédérale de Lausanne,4.8,69k,Intermediate,https://www.coursera.org/learn/solid-waste-management
283,Antimicrobial resistance - theory and methods,Technical University of Denmark (DTU),4.7,38k,Intermediate,https://www.coursera.org/learn/antimicrobial-resistance
284,Microeconomics: The Power of Markets,University of Pennsylvania,4.7,37k,Mixed,https://www.coursera.org/learn/microeconomics-part1
285,Formulación y evaluación de proyectos complejos,Universidad de los Andes,4.9,9.4k,Intermediate,https://www.coursera.org/learn/formulacion-evaluacion-proyectos-ingenieria
286,Rédaction de contrats,University of Geneva,4.8,16k,Mixed,https://www.coursera.org/learn/contrats
287,eHealth: More than just an electronic record,The University of Sydney,4.6,14k,Mixed,https://www.coursera.org/learn/ehealth
288,Green Business Strategy,The Hong Kong University of Science and Technology,4.6,4.8k,Beginner,https://www.coursera.org/learn/green-business-strategy
289,Instructional Methods in Health Professions Education,University of Michigan,4.6,11k,Intermediate,https://www.coursera.org/learn/instructional-methods-education
290,European Business Law: Understanding the Fundamentals,Lund University,4.8,33k,Mixed,https://www.coursera.org/learn/european-law-fundamentals
291,Particle Physics: an Introduction,University of Geneva,4.4,52k,Mixed,https://www.coursera.org/learn/particle-physics
292,Geopolítica y gobernanza global: riesgos y oportunidades,ESADE Business and Law School,4.8,39k,Mixed,https://www.coursera.org/learn/geopoliticaygobernanzaglobal
293,Mountains 101,University of Alberta,4.9,54k,Mixed,https://www.coursera.org/learn/mountains-101
294,Security & Safety Challenges in a Globalized World,Universiteit Leiden,4.8,16k,Beginner,https://www.coursera.org/learn/security-safety-globalized-world
295,Introduction to Breast Cancer,Yale University,4.9,33k,Mixed,https://www.coursera.org/learn/breast-cancer-causes-prevention
296,Introduction to TCP/IP,Yonsei University,4.6,36k,Beginner,https://www.coursera.org/learn/tcpip
297,"Competencias Laborales: Perfiles, Evaluación y Capacitación.",Universidad de Chile,4.3,28k,Intermediate,https://www.coursera.org/learn/competencias-lab
298,Entreprendre dans les Industries Culturelles à l'ère du numérique,Sciences Po,4.6,5.4k,Beginner,https://www.coursera.org/learn/entreprendre-culture
299,Discrete Optimization,The University of Melbourne,4.9,44k,Intermediate,https://www.coursera.org/learn/discrete-optimization
300,3D Printing Software,University of Illinois at Urbana-Champaign,4.6,30k,Beginner,https://www.coursera.org/learn/3d-printing-software
301,The Science of Training Young Athletes,University of Florida,4.8,16k,Beginner,https://www.coursera.org/learn/youth-sports
302,COVID-19 - A clinical update,University of Florida,4.7,9.6k,Intermediate,https://www.coursera.org/learn/covid19clinicalupdate
303,Aprender,Universidad Nacional Autónoma de México,4.8,220k,Mixed,https://www.coursera.org/learn/aprendo
304,Epidemics - the Dynamics of Infectious Diseases,The Pennsylvania State University,4.8,51k,Mixed,https://www.coursera.org/learn/epidemics
305,Supply Chain Management: A Learning Perspective,Korea Advanced Institute of Science and Technology(KAIST),4.7,40k,Mixed,https://www.coursera.org/learn/supply-chain-management
306,Egiptología (Egyptology),Universitat Autònoma de Barcelona,4.9,54k,Beginner,https://www.coursera.org/learn/egypt
307,Researcher Management and Leadership Training,University of Colorado System,4.8,3.1k,Intermediate,https://www.coursera.org/learn/researcher-management-leadership-training
308,BIM Fundamentals for Engineers,National Taiwan University,4.7,24k,Beginner,https://www.coursera.org/learn/bim-fundamentals
309,"Creativity, Innovation and Transformation",The Pennsylvania State University,4.4,62k,Mixed,https://www.coursera.org/learn/creativity-innovation
310,Archaeoastronomy,Politecnico di Milano,4.5,28k,Beginner,https://www.coursera.org/learn/archaeoastronomy
311,Claves para la innovación en la docencia universitaria,Universitat de Barcelona,4.8,8.7k,Mixed,https://www.coursera.org/learn/innovacion-docencia-universitaria
312,Sustentabilidad y Economías Sociales,Universidad de Chile,4.7,26k,Beginner,https://www.coursera.org/learn/sustentabilidad-economias-sociales
313,Art & Ideas: Teaching with Themes,The Museum of Modern Art,4.8,35k,Mixed,https://www.coursera.org/learn/ideas
314,Age of Cathedrals,Yale University,4.7,24k,Beginner,https://www.coursera.org/learn/age-of-cathedrals
315,How to Finance and Grow Your Startup – Without VC,London Business School,4.6,56k,Beginner,https://www.coursera.org/learn/startup-financing-without-vc
316,Mindware: Critical Thinking for the Information Age,University of Michigan,4.8,36k,Beginner,https://www.coursera.org/learn/mindware
317,Estadística y probabilidad,Universidad Nacional Autónoma de México,4.6,42k,Beginner,https://www.coursera.org/learn/estadistica-probabilidad
318,"Resilience in Children Exposed to Trauma, Disaster and War: Global Perspectives",University of Minnesota,4.7,19k,Mixed,https://www.coursera.org/learn/resilience-in-children
319,Major Depression in the Population: A Public Health Approach,Johns Hopkins University,4.7,23k,Beginner,https://www.coursera.org/learn/public-health-depression
320,Dairy Production and Management,The Pennsylvania State University,4.8,29k,Mixed,https://www.coursera.org/learn/dairy-production
321,Farmacología para odontólogos,Universidad Nacional Autónoma de México,4.8,27k,Mixed,https://www.coursera.org/learn/farmaco-odontologos
322,Bridging the Gap between Strategy Design and Delivery,Brightline Initiative,4.8,16k,Intermediate,https://www.coursera.org/learn/bridging-strategy-design-delivery-gap
323,Preventing Chronic Pain: A Human Systems Approach,University of Minnesota,4.7,18k,Beginner,https://www.coursera.org/learn/chronic-pain
324,Periodismo digital y combate a las fake news,Universidad Nacional Autónoma de México,4.9,14k,Beginner,https://www.coursera.org/learn/periodismo-digital
325,Know Thyself - The Value and Limits of Self-Knowledge: The Unconscious,The University of Edinburgh,4.7,21k,Intermediate,https://www.coursera.org/learn/know-thyself-the-unconscious
326,The Ancient Greeks,Wesleyan University,4.7,80k,Mixed,https://www.coursera.org/learn/ancient-greeks
327,EU policy and implementation: making Europe work!,Universiteit Leiden,4.3,10k,Intermediate,https://www.coursera.org/learn/eu-making-europe-work
328,Matrix Algebra for Engineers,The Hong Kong University of Science and Technology,4.8,31k,Beginner,https://www.coursera.org/learn/matrix-algebra-engineers
329,Chicken Behaviour and Welfare,The University of Edinburgh,4.7,22k,Mixed,https://www.coursera.org/learn/chickens
330,Introduction to Molecular Spectroscopy,University of Manchester   ,4.7,27k,Intermediate,https://www.coursera.org/learn/spectroscopy
331,Oceanography: a key to better understand our world,Fundació Navegació Oceànica Barcelona,4.5,11k,Mixed,https://www.coursera.org/learn/oceanography
332,Philosophy and the Sciences: Introduction to the Philosophy of Cognitive Sciences,The University of Edinburgh,4.6,48k,Mixed,https://www.coursera.org/learn/philosophy-cognitive-sciences
333,The Challenges of Global Health,Duke University,4.8,39k,Beginner,https://www.coursera.org/learn/global-health
334,Astro 101: Black Holes,University of Alberta,4.8,18k,Beginner,https://www.coursera.org/learn/black-holes-astro-101
335,Challenging Forensic Science: How Science Should Speak to Court,University of Lausanne,4.8,6.2k,Beginner,https://www.coursera.org/learn/challenging-forensic-science
336,Cómo hablar bien en público,Universitat Autònoma de Barcelona,4.8,100k,Beginner,https://www.coursera.org/learn/hablar-bien-en-publico
337,Cuidado de heridas en el ámbito hospitalario,Universidad Nacional Autónoma de México,4.8,38k,Intermediate,https://www.coursera.org/learn/cuidado-heridas
338,Data-driven Astronomy,The University of Sydney,4.8,19k,Intermediate,https://www.coursera.org/learn/data-driven-astronomy
339,Stanford's Short Course on Breastfeeding,Stanford University,4.7,20k,Beginner,https://www.coursera.org/learn/breastfeeding
340,Risk in Modern Society,LDE Centre for Safety and Security,4.8,5.5k,Beginner,https://www.coursera.org/learn/risk-in-modern-society
341,An Introduction to Global Health,University of Copenhagen,4.8,23k,Mixed,https://www.coursera.org/learn/global-health-introduction
342,Costos para los Negocios,Universidad de Chile,4.8,51k,Intermediate,https://www.coursera.org/learn/costosparanegocios
343,Script Writing: Write a Pilot Episode for a TV or Web Series (Project-Centered Course),Michigan State University,4.5,67k,Mixed,https://www.coursera.org/learn/script-writing
344,A Life of Happiness and Fulfillment,Indian School of Business,4.8,370k,Mixed,https://www.coursera.org/learn/happiness
345,Disaster Preparedness,University of Pittsburgh,4.7,34k,Beginner,https://www.coursera.org/learn/disaster-preparedness
346,Introduction to Complex Analysis,Wesleyan University,4.8,47k,Intermediate,https://www.coursera.org/learn/complex-analysis
347,Álgebra Básica,Universidad Nacional Autónoma de México,4.8,200k,Mixed,https://www.coursera.org/learn/algebra-basica
348,The Unix Workbench,Johns Hopkins University,4.7,37k,Beginner,https://www.coursera.org/learn/unix
349,Fundamentals of Fluid Power,University of Minnesota,4.8,31k,Mixed,https://www.coursera.org/learn/fluid-power
350,The Modern and the Postmodern (Part 1),Wesleyan University,4.8,83k,Mixed,https://www.coursera.org/learn/modern-postmodern-1
351,Internet Giants: The Law and Economics of Media Platforms,The University of Chicago,4.8,44k,Mixed,https://www.coursera.org/learn/internetgiants
352,Introduction to Augmented Reality and ARCore,Google AR & VR,4.5,46k,Beginner,https://www.coursera.org/learn/ar
353,¿Cómo llegamos aquí? Una historia del poder en México,Universidad Nacional Autónoma de México,4.8,20k,Beginner,https://www.coursera.org/learn/historia-de-mexico
354,Apprendre comment apprendre (ACA) : Des outils mentaux puissants qui vous aideront à maîtriser des sujets difficiles,McMaster University,4.9,7.1k,Beginner,https://www.coursera.org/learn/apprendre-comment-apprendre
355,An Intuitive Introduction to Probability,University of Zurich,4.7,34k,Beginner,https://www.coursera.org/learn/introductiontoprobability
356,Keeping up with Change: Issues for the Finance Professional,University of London,4.7,12k,Mixed,https://www.coursera.org/learn/change-for-the-finance-professional
357,Chinese for HSK 4,Peking University,4.9,20k,Intermediate,https://www.coursera.org/learn/hsk-4
358,Chinese for HSK 5,Peking University,4.7,13k,Advanced,https://www.coursera.org/learn/chinese-for-hsk5
359,"The Holocaust - An Introduction (I): Nazi Germany: Ideology, The Jews and the World",Tel Aviv University,4.8,45k,Mixed,https://www.coursera.org/learn/holocaust-introduction-1
360,Cuidados y procedimientos generales en la atención del recién nacido,Universidad de Chile,4.7,28k,Intermediate,https://www.coursera.org/learn/cuidados-del-recien-nacido
362,Introduction to Communication Science,University of Amsterdam,4.7,100k,Mixed,https://www.coursera.org/learn/communication
363,Introduction to Algae,University of California San Diego,4.7,14k,Intermediate,https://www.coursera.org/learn/algae
364,Children Acquiring Literacy Naturally,"University of California, Santa Cruz",4.3,11k,Beginner,https://www.coursera.org/learn/children-literacy
365,How Music Can Change Your Life,The University of Melbourne,4.7,20k,Beginner,https://www.coursera.org/learn/music-life
366,The Science of Gastronomy,The Hong Kong University of Science and Technology,4.6,61k,Mixed,https://www.coursera.org/learn/gastronomy
367,Managing Your Health: The Role of Physical Therapy and Exercise,University of Toronto,4.6,17k,Beginner,https://www.coursera.org/learn/physical-therapy-exercise
368,Innovative Governance of Large Urban Systems,École Polytechnique Fédérale de Lausanne,4.7,1.8k,Intermediate,https://www.coursera.org/learn/iglus
369,Fundamentals of Digital Image and Video Processing,Northwestern University,4.6,94k,Mixed,https://www.coursera.org/learn/digital
370,Political Economy of Institutions and Development,Universiteit Leiden,4.7,19k,Beginner,https://www.coursera.org/learn/political-economy
371,Systèmes d’Information Géographique - Partie 1,École Polytechnique Fédérale de Lausanne,4.5,22k,Beginner,https://www.coursera.org/learn/sig-1
372,Chinese Politics Part 1 – China and Political Science,The Hong Kong University of Science and Technology,4.8,15k,Mixed,https://www.coursera.org/learn/chinesepolitics1
373,Introduction to Contemporary Geopolitics,National Research University Higher School of Economics,4.8,6.9k,Beginner,https://www.coursera.org/learn/contemprorary-geopolitics
374,Differential Equations for Engineers,The Hong Kong University of Science and Technology,4.9,29k,Beginner,https://www.coursera.org/learn/differential-equations-engineers
375,Materials Science: 10 Things Every Engineer Should Know,"University of California, Davis",4.7,65k,Mixed,https://www.coursera.org/learn/materials-science
376,Oceanografía: una clave para entender mejor nuestro mundo,Fundació Navegació Oceànica Barcelona,4.7,15k,Mixed,https://www.coursera.org/learn/oceanografia
377,Conflict Transformation,Emory University,4.7,21k,Beginner,https://www.coursera.org/learn/conflict-transformation
378,Innovating in a Digital World,Institut Mines-Télécom,4.6,37k,Mixed,https://www.coursera.org/learn/innovating-digital-world
379,"Afrique et mondialisation, regards croisés",Sciences Po,4.7,5.2k,Beginner,https://www.coursera.org/learn/afrique-mondialisation
380,Budgeting essentials and development,Fundação Instituto de Administração,4.6,7.4k,Intermediate,https://www.coursera.org/learn/budgeting-essentials-development
381,Global Health Diplomacy,The State University of New York,4.6,8.3k,Beginner,https://www.coursera.org/learn/global-health-diplomacy
382,América Latina en los cambios internacionales: amenazas y oportunidades.,Universidad de Chile,4.5,36k,Beginner,https://www.coursera.org/learn/america-latina
383,University Teaching,The University of Hong Kong,4.8,14k,Beginner,https://www.coursera.org/learn/university-teaching
384,English for Media Literacy,University of Pennsylvania,4.9,62k,Mixed,https://www.coursera.org/learn/media
385,The Economics of Agro-Food Value Chains,Technische Universität München (TUM),4.4,10k,Intermediate,https://www.coursera.org/learn/valuechains
386,The Emergence of the Modern Middle East - Part I,Tel Aviv University,4.7,37k,Mixed,https://www.coursera.org/learn/modern-middle-east-1
387,Words Spun Out of Images: Visual and Literary Culture in Nineteenth Century Japan,The University of Tokyo,4.8,13k,Beginner,https://www.coursera.org/learn/visual-literary-culture-in-japan
388,BIM Application for Engineers,National Taiwan University,4.6,15k,Intermediate,https://www.coursera.org/learn/bim-application
390,Créer et développer une startup technologique,HEC Paris,4.6,25k,Mixed,https://www.coursera.org/learn/startup-technologique
391,Formación docente basada en la práctica para desarrollar habilidades del siglo XXI,Pontificia Universidad Católica de Chile,4.8,2.9k,Mixed,https://www.coursera.org/learn/formacion-docente-habilidades-siglo-veintiuno
392,Understanding Memory: Explaining the Psychology of Memory through Movies,Wesleyan University,4.7,90k,Mixed,https://www.coursera.org/learn/memory-and-movies
393,Negociações de sucesso: estratégias e habilidades essenciais (em Português),University of Michigan,4.9,60k,Mixed,https://www.coursera.org/learn/negociacao
394,"Film, Images & Historical Interpretation in the 20th Century: The Camera Never Lies",University of London,4.5,17k,Beginner,https://www.coursera.org/learn/film-images
395,Финансовые рынки и институты (Financial Markets and Institutions),National Research University Higher School of Economics,4.9,45k,Mixed,https://www.coursera.org/learn/finansovye-rynki
396,Introduction to Satellite Communications,Institut Mines-Télécom,4.6,29k,Beginner,https://www.coursera.org/learn/satellite-communications
397,Global Adolescent Health,The University of Melbourne,4.7,7k,Beginner,https://www.coursera.org/learn/youth-health
398,Fundamentals of Audio and Music Engineering: Part 1 Musical Sound & Electronics,University of Rochester,4.6,56k,Mixed,https://www.coursera.org/learn/audio-engineering
399,Health Care IT: Challenges and Opportunities,Icahn School of Medicine at Mount Sinai,4.7,12k,Mixed,https://www.coursera.org/learn/healthcare-it
400,Ciudades en crisis y nuevas políticas urbanas,Universitat Autònoma de Barcelona,4.8,6.4k,Beginner,https://www.coursera.org/learn/ciudades-politicas-urbanas
401,"Le Bien, le Juste, l'Utile. Introduction aux éthiques philosophiques",University of Geneva,4.8,21k,Mixed,https://www.coursera.org/learn/ethique
402,Unethical Decision Making in Organizations,University of Lausanne,4.8,16k,Beginner,https://www.coursera.org/learn/unethical-decision-making
403,Foundations of Health Equity Research,Johns Hopkins University,4.8,,Beginner,https://www.coursera.org/learn/health-equity-research
404,Pensamiento Científico,Universidad Nacional Autónoma de México,4.7,100k,Mixed,https://www.coursera.org/learn/ciencia
405,Bacteria and Chronic Infections,University of Copenhagen,4.7,51k,Mixed,https://www.coursera.org/learn/bacterial-infections
406,Teaching EFL/ESL Reading: A Task Based Approach,University of London,4.7,24k,Intermediate,https://www.coursera.org/learn/esl-reading
407,Media ethics & governance,University of Amsterdam,4.8,8.6k,Intermediate,https://www.coursera.org/learn/media-ethics-governance
408,Marketing Verde,Universidad de los Andes,4.8,67k,Mixed,https://www.coursera.org/learn/marketing-verde
409,Game Theory II: Advanced Applications,The University of British Columbia,4.7,30k,Advanced,https://www.coursera.org/learn/game-theory-2
410,Data Science in Stratified Healthcare and Precision Medicine,The University of Edinburgh,4.6,11k,Intermediate,https://www.coursera.org/learn/datascimed
411,Ancient Philosophy: Aristotle and His Successors,University of Pennsylvania,4.8,51k,Mixed,https://www.coursera.org/learn/aristotle
412,Economie du sol et de l'immobilier I,École Polytechnique Fédérale de Lausanne,4.7,12k,Intermediate,https://www.coursera.org/learn/economie-sol-immobilier-1
413,"Philosophy, Science and Religion: Science and Philosophy",The University of Edinburgh,4.4,33k,Beginner,https://www.coursera.org/learn/philosophy-science-religion-1
414,Meditation: A way to achieve your goals in your life,Korea Advanced Institute of Science and Technology(KAIST),4.6,50k,Beginner,https://www.coursera.org/learn/self-reflection-meditation
415,The Holocaust - An Introduction (II): The Final Solution,Tel Aviv University,4.8,16k,Mixed,https://www.coursera.org/learn/holocaust-introduction-2
416,Introducción a la Producción Audiovisual,Universidad Nacional Autónoma de México,4.7,56k,Beginner,https://www.coursera.org/learn/intro-produccion-audiovisual
417,L'innovation managériale en pratique,ESSEC Business School,4.5,4.1k,Beginner,https://www.coursera.org/learn/innovation-manageriale
418,Israel State and Society,Hebrew University of Jerusalem,4.7,7.8k,Beginner,https://www.coursera.org/learn/israel
419,Humanitarian communication : Addressing key challenges,University of Geneva,4.6,8.7k,Intermediate,https://www.coursera.org/learn/humanitarian-communication
420,Gestión de las empresas de alimentación y bebidas,Università Bocconi,4.8,16k,Mixed,https://www.coursera.org/learn/empresas-alimentos-bebidas
421,Introducción a Java,Universidad Nacional Autónoma de México,4.3,100k,Beginner,https://www.coursera.org/learn/introduccion-java
422,After the Arab Spring – Democratic Aspirations and State Failure,University of Copenhagen,4.7,11k,Beginner,https://www.coursera.org/learn/after-the-arab-spring
423,The Science of the Solar System,Caltech,4.8,49k,Mixed,https://www.coursera.org/learn/solar-system
424,Teaching Character and Creating Positive Classrooms,Relay Graduate School of Education,4.8,59k,Mixed,https://www.coursera.org/learn/teaching-character
425,Greening the Economy: Lessons from Scandinavia,Lund University,4.7,22k,Beginner,https://www.coursera.org/learn/greening-the-economy
426,Introduction to the Arctic: Climate,University of Alberta,4.5,10k,Mixed,https://www.coursera.org/learn/arctic-introduction-climate
427,Roman Art and Archaeology,University of Arizona,4.7,34k,Mixed,https://www.coursera.org/learn/roman-art-archaeology
428,Foundations of Teaching for Learning: Curriculum,Commonwealth Education Trust,4.5,17k,Mixed,https://www.coursera.org/learn/teacher-curriculum
429,Design Computing: 3D Modeling in Rhinoceros with Python/Rhinoscript,University of Michigan,0,,Mixed,https://www.coursera.org/learn/3d-modeling-rhinoscript
430,Research for Impact,University of Cape Town,4.9,6.2k,Beginner,https://www.coursera.org/learn/research-for-impact
431,Patrocinio Deportivo,Universitat Autònoma de Barcelona,4.6,13k,Beginner,https://www.coursera.org/learn/patrocinio-deportivo
432,Contratación y mercado digital. Aspectos legales y otras cuestiones de interés,Universitat Autònoma de Barcelona,4.7,3.5k,Beginner,https://www.coursera.org/learn/mercado-digital
433,Introduction to Chemistry:  Structures and Solutions,Duke University,4.7,31k,Beginner,https://www.coursera.org/learn/basic-chemistry
434,Introdução ao Marketing Analítico,Insper,4.7,41k,Mixed,https://www.coursera.org/learn/marketing-analitico
435,Software Defined Networking,The University of Chicago,4.6,46k,Mixed,https://www.coursera.org/learn/sdn
437,Introduction to solar cells,Technical University of Denmark (DTU),4.8,40k,Beginner,https://www.coursera.org/learn/solar-cells
438,Global Warming I: The Science and Modeling of Climate Change,The University of Chicago,4.6,35k,Mixed,https://www.coursera.org/learn/global-warming
439,Russian History: from Lenin to Putin,"University of California, Santa Cruz",4.7,27k,Beginner,https://www.coursera.org/learn/russian-history-lenin-putin
440,Assessment and Teaching of 21st Century Skills,The University of Melbourne,4.6,6.9k,Mixed,https://www.coursera.org/learn/atc21s
441,Confronting Gender Based Violence: Global Lessons for Healthcare Workers,Johns Hopkins University,4.8,16k,Beginner,https://www.coursera.org/learn/gender-based-violence
442,Introduction to Reproduction,Northwestern University,4.6,20k,Mixed,https://www.coursera.org/learn/reproductive-health
443,Music and Social Action,Yale University,4.7,18k,Mixed,https://www.coursera.org/learn/music-and-social-action
444,Foundations for Assisting in Home Care,The State University of New York,4.7,5.8k,Mixed,https://www.coursera.org/learn/home-care
445,Chimpanzee Behavior and Conservation,Duke University,4.9,5.2k,Beginner,https://www.coursera.org/learn/chimp
446,Liderazgo Instruccional: Perspectiva Global y Prácticas Locales,Pontificia Universidad Católica de Chile,4.8,30k,Mixed,https://www.coursera.org/learn/liderazgo-educativo
447,Global Arctic,École Polytechnique Fédérale de Lausanne,4.8,2k,Intermediate,https://www.coursera.org/learn/global-arctic
448,America's Written Constitution,Yale University,4.8,22k,Mixed,https://www.coursera.org/learn/written-constitution
449,"Managing Responsibly: Practicing Sustainability, Responsibility and Ethics",University of Manchester   ,4.7,14k,Mixed,https://www.coursera.org/learn/responsible-management
450,European Business Law: Competing in Europe,Lund University,4.7,9.2k,Mixed,https://www.coursera.org/learn/eu-competition-law
451,Administração Financeira,Insper,4.8,27k,Beginner,https://www.coursera.org/learn/administracao-financeira
452,International Business I,University of New Mexico,4.7,35k,Mixed,https://www.coursera.org/learn/international-business
453,Art & Inquiry: Museum Teaching Strategies For Your Classroom,The Museum of Modern Art,4.7,28k,Mixed,https://www.coursera.org/learn/artinquiry
454,Single Variable Calculus,University of Pennsylvania,4.7,26k,Mixed,https://www.coursera.org/learn/discrete-calculus
455,Data Science Ethics,University of Michigan,4.7,16k,Beginner,https://www.coursera.org/learn/data-science-ethics
456,International Business II,University of New Mexico,4.7,13k,Mixed,https://www.coursera.org/learn/international-business-2
457,What future for education?,University of London,4.7,41k,Mixed,https://www.coursera.org/learn/future-education
458,Exploring Emerging Technologies for Lifelong Learning and Success,The State University of New York,4,24k,Beginner,https://www.coursera.org/learn/emerging-technologies-lifelong-learning
459,The Finite Element Method for Problems in Physics,University of Michigan,4.6,42k,Intermediate,https://www.coursera.org/learn/finite-element-method
460,American Contract Law II,Yale University,4.9,6.1k,Beginner,https://www.coursera.org/learn/contracts-2
461,Humanidades digitales,Universitat Autònoma de Barcelona,4.6,9.9k,Beginner,https://www.coursera.org/learn/humanidades-digitales
462,Approaching Music Theory: Melodic Forms and Simple Harmony,California Institute of the Arts,4.7,18k,Intermediate,https://www.coursera.org/learn/melodic-forms-simple-harmony
463,Global Health: An Interdisciplinary Overview,University of Geneva,4.6,21k,Mixed,https://www.coursera.org/learn/global-health-overview
464,Cómo autoconstruir tu vivienda,Universidad Nacional Autónoma de México,4.7,120k,Mixed,https://www.coursera.org/learn/como-autoconstruir-tu-vivienda
465,Maps and the Geospatial Revolution,The Pennsylvania State University,4.7,18k,Beginner,https://www.coursera.org/learn/geospatial
466,Wonders of Ancient Egypt,University of Pennsylvania,4.8,20k,Intermediate,https://www.coursera.org/learn/wonders-ancient-egypt
467,Diseño de Experiencia en Servicios,Universidad Austral,4.7,3.9k,Beginner,https://www.coursera.org/learn/diseno-experiencia-servicios
468,Diabetes – the Essential Facts,University of Copenhagen,4.7,39k,Beginner,https://www.coursera.org/learn/diabetes-essential-facts
469,Biomedical Visualisation,University of Glasgow ,4.6,5.1k,Intermediate,https://www.coursera.org/learn/biomedvis
470,Intel® Network Academy - Network Transformation 101,Intel,4.5,17k,Beginner,https://www.coursera.org/learn/network-transformation-101
471,Water Resources Management and Policy,University of Geneva,4.6,26k,Mixed,https://www.coursera.org/learn/water-management
472,"Drugs, drug use, drug policy and health",University of Geneva,4.7,14k,Beginner,https://www.coursera.org/learn/drugs
473,Arts and Culture Strategy,National Arts Strategies,4.7,16k,Mixed,https://www.coursera.org/learn/arts-culture-strategy
474,Robótica,Universidad Nacional Autónoma de México,4.5,200k,Mixed,https://www.coursera.org/learn/robotica-inicial
475,Copyright for Educators & Librarians,The University of North Carolina at Chapel Hill,4.8,13k,Mixed,https://www.coursera.org/learn/copyright-for-education
476,Los gobiernos locales como actores internacionales,Universidad Nacional Autónoma de México,4.8,18k,Intermediate,https://www.coursera.org/learn/gobiernos-locales
477,Music as Biology: What We Like to Hear and Why,Duke University,4.3,50k,Mixed,https://www.coursera.org/learn/music-as-biology
478,Understanding Obesity,The University of Edinburgh,4.6,39k,Beginner,https://www.coursera.org/learn/understanding-obesity
479,VR and 360 Video Production,Google AR & VR,4.7,19k,Beginner,https://www.coursera.org/learn/360-vr-video-production
480,"Bienestar, equidad y derechos humanos",Universidad de los Andes,4.8,34k,Beginner,https://www.coursera.org/learn/bienestar-equidad-derechos-humanos
481,Disease Clusters,Johns Hopkins University,4.7,11k,Beginner,https://www.coursera.org/learn/disease-clusters
482,Antisemitism: From Its Origins to the Present,Yad Vashem ,4.9,2.1k,Beginner,https://www.coursera.org/learn/antisemitism
483,Diseño y Creación de un Emprendimiento Social,Pontificia Universidad Católica de Chile,4.9,35k,Beginner,https://www.coursera.org/learn/emprendimiento-social-negocios-sustentable-canvas-sociales
484,Interest Rate Models,École Polytechnique Fédérale de Lausanne,4.5,22k,Advanced,https://www.coursera.org/learn/interest-rate-models
485,Thoracic Oncology,University of Michigan,4.9,13k,Advanced,https://www.coursera.org/learn/thoracic-oncology
486,Введение в машинное обучение,National Research University Higher School of Economics,4.6,98k,Mixed,https://www.coursera.org/learn/vvedenie-mashinnoe-obuchenie
487,Sexing the Canvas: Art and Gender,The University of Melbourne,4.6,25k,Beginner,https://www.coursera.org/learn/gender-art
488,Ensino Híbrido: Personalização e Tecnologia na Educação,Fundação Lemann,4.9,17k,Beginner,https://www.coursera.org/learn/ensino-hibrido
489,Buenas Prácticas en Libre Competencia,Pontificia Universidad Católica de Chile,4.8,5.8k,Mixed,https://www.coursera.org/learn/libre-competencia
490,Foundations of Teaching for Learning: Being a Teacher,Commonwealth Education Trust,4.6,27k,Mixed,https://www.coursera.org/learn/being-a-teacher
491,Mechanics of Materials I: Fundamentals of Stress & Strain and Axial Loading,Georgia Institute of Technology,4.8,91k,Mixed,https://www.coursera.org/learn/mechanics-1
493,Discover Best Practice Farming for a Sustainable 2050,University of Western Australia,4.6,18k,Beginner,https://www.coursera.org/learn/best-practice-farming-sustainable-2050
494,Scandinavian Film and Television,University of Copenhagen,4.6,18k,Beginner,https://www.coursera.org/learn/scandinavian-movies-tv
495,The Evolving Universe,Caltech,4.6,58k,Mixed,https://www.coursera.org/learn/evolvinguniverse
496,"Making Successful Decisions through the Strategy, Law & Ethics Model",University of Michigan,4.8,22k,Beginner,https://www.coursera.org/learn/strategy-law-ethics
497,The New Nordic Diet - from Gastronomy to Health,University of Copenhagen,4.6,39k,Mixed,https://www.coursera.org/learn/new-nordic-diet
498,Data Privacy Fundamentals,Northeastern University ,4.7,2.1k,Beginner,https://www.coursera.org/learn/northeastern-data-privacy
499,A Journey through Western Christianity: from Persecuted Faith to Global Religion (200 - 1650),Yale University,4.7,24k,Beginner,https://www.coursera.org/learn/western-christianity-200-1650
500,Population Health: Fundamentals of Population Health Management,Universiteit Leiden,4.3,2.9k,Mixed,https://www.coursera.org/learn/fundamentals-population-health-management
501,Interactive Computer Graphics,The University of Tokyo,4.2,53k,Intermediate,https://www.coursera.org/learn/interactive-computer-graphics
502,An Introduction to the U.S. Food System: Perspectives from Public Health,Johns Hopkins University,4.8,9.5k,Beginner,https://www.coursera.org/learn/food-system
503,Reducing Gun Violence in America: Evidence for Change,Johns Hopkins University,4.7,5.3k,Beginner,https://www.coursera.org/learn/gun-violence
504,Assessment in Higher Education: Professional Development for Teachers,Erasmus University Rotterdam,4.8,7.8k,Intermediate,https://www.coursera.org/learn/assessment-higher-education
505,More Chinese for Beginners,Peking University,4.7,35k,Mixed,https://www.coursera.org/learn/more-chinese-for-beginners
507,Mobilité et urbanisme,École Polytechnique Fédérale de Lausanne,4.6,8k,Mixed,https://www.coursera.org/learn/mobiurba
508,Jazz Improvisation,Berklee College of Music,4.8,62k,Intermediate,https://www.coursera.org/learn/jazz-improvisation
509,Electric Vehicles and Mobility,École des Ponts ParisTech,4.5,21k,Beginner,https://www.coursera.org/learn/electric-vehicles-mobility